{"options":{"bookmarkThumbHeight":150,"bookmarkThumbWidth":90,"leftPanelEnabled":true,"limitLocales":false,"openTemplate":"http://universalviewer.io?manifest={0}","rightPanelEnabled":true,"theme":"uv-cy-GB-theme"},"modules":{"embedDialogue":{"options":{"embedTemplate":"<div class=\"uv\" data-locale=\"{0}\" data-config=\"{1}\" data-uri=\"{2}\" data-collectionindex=\"{3}\" data-manifestindex=\"{4}\" data-sequenceindex=\"{5}\" data-canvasindex=\"{6}\" style=\"width:{7}px; height:{8}px; background-color: #000\"></div>\n<script type=\"text/javascript\" id=\"embedUV\" src=\"{9}\"></script><script type=\"text/javascript\">/* wordpress fix */</script>"},"content":{"customSize":"Maint ddewisol","height":"Hyd","instructions":"Er mwyn ymgorffori'r eitem hon ar eich gwefan, cop�wch a gosodwch y cod isod:","title":"Rhannu","width":"Lled"}},"footerPanel":{"options":{"downloadEnabled":false,"feedbackEnabled":false,"minimiseButtons":true,"openEnabled":false},"content":{"bookmark":"Ychwanegu at nodau tudalen","download":"Lawrlwytho","embed":"Ymgorffori","exitFullScreen":"Dianc o'r sgrin lawn","fullScreen":"Sgrin lawn","open":"agored"}},"genericDialogue":{"content":{"ok":"GWELD"}},"headerPanel":{"content":{"close":"Cau","help":"Cymorth"}},"helpDialogue":{"content":{"text":"testun i'w osod","title":"Cymorth"}},"moreInfoRightPanel":{"options":{"canvasExclude":"","displayOrder":"","manifestExclude":"","panelAnimationDuration":250,"panelCollapsedWidth":30,"panelExpandedWidth":255},"content":{"attribution":"priodoliad","collapse":"Cuddio Mwy o Wybodaeth","collapseFull":"Cuddio'r Galeri","description":"disgrifiad","expand":"Ehangu Fwy o Wybodaeth","expandFull":"Ehangu'r Galeri","holdingText":"Eich modiwl fan hyn!","less":"llai","license":"trwydded","logo":"logo","more":"mwy","noData":"Nid oes data i'w arddangos","title":"gwybodaeth"}},"contentLeftPanel":{"options":{"elideCount":40,"galleryThumbHeight":320,"galleryThumbWidth":200,"oneColThumbHeight":320,"oneColThumbWidth":200,"pageModeEnabled":true,"panelAnimationDuration":250,"panelCollapsedWidth":30,"panelExpandedWidth":255,"panelOpen":true,"thumbsEnabled":true,"thumbsExtraHeight":8,"thumbsImageFadeInDuration":300,"thumbsLoadRange":15,"treeEnabled":true,"twoColThumbHeight":150,"twoColThumbWidth":90}},"virtexCenterPanel":{"options":{"showStats":false,"trimAttributionCount":150},"content":{"acknowledgements":"Priodoliad","zoomIn":"chwyddo Mewn","zoomOut":"Zoom Out"}},"dialogue":{"content":{"close":"Cau"}},"downloadDialogue":{"content":{"download":"Lawrlwytho","entireFileAsOriginal":"Y ffeil gyfan ({0})","noneAvailable":"Nid oes unrhyw opsiynau lawrlwytho ar gael.","preview":"Rhagolwg","title":"Lawrlwytho"}},"loginDialogue":{"content":{"login":"Mewngofnodi","cancel":"Diddymu"}},"mediaelementCenterPanel":{"content":{}},"settingsDialogue":{"content":{"locale":"Iaith","pagingEnabled":"Arddangos dwy dudalen","preserveViewport":"Cadw'r lefel o glosio","title":"Dewisiadau","website":"<a href='https://github.com/universalviewer/universalviewer'>mwy o wybodaeth</a>"}}},"localisation":{"label":"Cymraeg","locales":[{"name":"cy-GB","label":"Cymraeg"},{"name":"en-GB","label":"English (GB)"}]},"content":{"authCORSError":"Eich porwr yn peidio cefnogi CORS, os gwelwch yn dda uwchraddio i weld y cynnwys hwn.","authorisationFailedMessage":"Nid oedd yn ymddangos eich ymgais mewngofnodi i fod yn llwyddiannus . Trio eto os gwelwch yn dda.","degradedResourceMessage":"Os gwelwch yn dda mewngofnodwch i weld yn ansawdd llawn.","degradedResourceLogin":"Mewngofnodi","forbiddenResourceMessage":"Eich hawliau mynediad presennol yn annigonol i weld llun hwn"}}